{
    "default": {
        "low": {
            "hat_c": 10.822711801693433,
            "varphi": 1.6881035311799972,
            "beta_f": 0.43150449321549544,
            "Z_ArAh": 0.10852856402358747,
            "Z_MrMh": 0.9786778631611861,
            "Z_SrSh": 0.16000979412131563,
            "Z_ArSr": 1.1287428379608073,
            "Z_MrSr": 13.249698702917618
        },
        "middle": {
            "hat_c": 5.7013427091208815,
            "varphi": 1.7330839795919775,
            "beta_f": 0.43724220443266004,
            "Z_ArAh": 0.12460692647868571,
            "Z_MrMh": 2.090812245051022,
            "Z_SrSh": 0.17843690403195425,
            "Z_ArSr": 3.9630591684629817,
            "Z_MrSr": 11.436372037240432
        },
        "high": {
            "hat_c": 1.566324779135261,
            "varphi": 1.3284450594606676,
            "beta_f": 0.5733916210520308,
            "Z_ArAh": 0.23005793623050996,
            "Z_MrMh": 4.138849345300102,
            "Z_SrSh": 0.20229045534772905,
            "Z_ArSr": 22.90474339802189,
            "Z_MrSr": 6.974449930926767
        },
        "all": {
            "hat_c": 10.81326825272691,
            "varphi": 1.5607346019330393,
            "beta_f": 0.4648991500728935,
            "Z_ArAh": 0.12249170951233776,
            "Z_MrMh": 2.031134190007883,
            "Z_SrSh": 0.17765726416169608,
            "Z_ArSr": 3.212650423183926,
            "Z_MrSr": 13.408062946457239
        }
    }
}
