{
    "default": {
        "low": {
            "hat_c": 10.822711801693433,
            "varphi": 1.6881035311799972,
            "beta_f": 0.43150449321549544,
            "Z_ArAh": 0.10852856402358747,
            "Z_MrMh": 0.9786778631611861,
            "Z_SrSh": 0.16000979412131563,
            "Z_ArSr": 1.1287428379608073,
            "Z_MrSr": 13.249698702917618
        },
        "middle": {
            "hat_c": 5.7013427091208815,
            "varphi": 1.7330839795919775,
            "beta_f": 0.43724220443266004,
            "Z_ArAh": 0.12460692647868571,
            "Z_MrMh": 2.090812245051022,
            "Z_SrSh": 0.17843690403195425,
            "Z_ArSr": 3.9630591684629817,
            "Z_MrSr": 11.436372037240432
        },
        "high": {
            "hat_c": 1.0395080592525212,
            "varphi": 1.346469134452474,
            "beta_f": 0.5610951604057803,
            "Z_ArAh": 0.22990401271741684,
            "Z_MrMh": 4.1359743348039375,
            "Z_SrSh": 0.20384664169730274,
            "Z_ArSr": 27.67092491777183,
            "Z_MrSr": 8.434668173530778
        },
        "all": {
            "hat_c": 5.7013427091208815,
            "varphi": 1.7330839795919775,
            "beta_f": 0.43724220443266004,
            "Z_ArAh": 0.12460692647868571,
            "Z_MrMh": 2.090812245051022,
            "Z_SrSh": 0.17843690403195425,
            "Z_ArSr": 3.9630591684629817,
            "Z_MrSr": 11.436372037240432
        }
    }
}
