{
  "default": {
    "low": {
      "hat_c": 12.785590452572372,
      "varphi": 1.6969592774984874,
      "beta_f": 0.42375494949968584,
      "Z_ArAh": 0.1211310355549503,
      "Z_MrMh": 0.9360560158964282,
      "Z_SrSh": 0.16799660125205174,
      "Z_ArSr": 1.2644543313295096,
      "Z_MrSr": 12.182846647303787
    },
    "middle": {
      "hat_c": 5.716818255772978,
      "varphi": 1.744829501105639,
      "beta_f": 0.4330120707431092,
      "Z_ArAh": 0.12334945582585677,
      "Z_MrMh": 2.0846903770346517,
      "Z_SrSh": 0.18005616818459436,
      "Z_ArSr": 4.0417529578372715,
      "Z_MrSr": 11.646349399045807
    },
    "high": {
      "hat_c": 1.566324779135261,
      "varphi": 1.3284450594606676,
      "beta_f": 0.5733916210520308,
      "Z_ArAh": 0.23005793623050996,
      "Z_MrMh": 4.138849345300102,
      "Z_SrSh": 0.20229045534772905,
      "Z_ArSr": 22.90474339802189,
      "Z_MrSr": 6.974449930926767
    },
    "all": {
      "hat_c": 7.160763459324553,
      "varphi": 1.6512673777344453,
      "beta_f": 0.47727938741704623,
      "Z_ArAh": 0.1349474091424421,
      "Z_MrMh": 2.2147742268965587,
      "Z_SrSh": 0.15565433238653364,
      "Z_ArSr": 4.27675489444963,
      "Z_MrSr": 13.244443079065627
    }
  }
}


