{
  "default": {
    "low": {
      "hat_c": 10.841351664802295,
      "varphi": 1.843781090592664,
      "beta_f": 0.40988596058785687,
      "Z_ArAh": 0.11125773456802425,
      "Z_MrMh": 0.9703276584376886,
      "Z_SrSh": 0.1644048413818976,
      "Z_ArSr": 1.159638657793944,
      "Z_MrSr": 12.971074321828077
    },
    "middle": {
      "hat_c": 5.716818255772978,
      "varphi": 1.744829501105639,
      "beta_f": 0.4330120707431092,
      "Z_ArAh": 0.12334945582585677,
      "Z_MrMh": 2.0846903770346517,
      "Z_SrSh": 0.18005616818459436,
      "Z_ArSr": 4.0417529578372715,
      "Z_MrSr": 11.646349399045807
    },
    "high": {
      "hat_c": 1.0589834830184697,
      "varphi": 1.347173480847562,
      "beta_f": 0.5611936953141224,
      "Z_ArAh": 0.2299469007063823,
      "Z_MrMh": 4.139395458842655,
      "Z_SrSh": 0.20376006897141302,
      "Z_ArSr": 27.882052016653525,
      "Z_MrSr": 8.433182953808274
    },
    "all": {
      "hat_c": 5.3995595941318175,
      "varphi": 1.5828604243818047,
      "beta_f": 0.46982446735431516,
      "Z_ArAh": 0.13224945448785747,
      "Z_MrMh": 2.1837872380678203,
      "Z_SrSh": 0.16100570802312997,
      "Z_ArSr": 4.065900129650212,
      "Z_MrSr": 12.588462618333674
    }
  }
}


