{
    "default" : {
        "low": {
            "hat_c": 12.156989893813273,
            "varphi": 1.7190604094229265,
            "beta_f": 0.44321756286674685,
            "Z_ArAh": 0.08825653356634784,
            "Z_MrMh": 1.0549074301649068,
            "Z_SrSh": 0.19567636100105465,
            "Z_ArSr": 0.6825797038341709,
            "Z_MrSr": 17.703300288306735
        },
        "middle": {
            "hat_c": 6.421301494589038,
            "varphi": 1.7236416633186933,
            "beta_f": 0.44014745090173635,
            "Z_ArAh": 0.15710655603385137,
            "Z_MrMh": 2.0754142318533106,
            "Z_SrSh": 0.1759030900117513,
            "Z_ArSr": 6.784038418786033,
            "Z_MrSr": 12.40502555170552
        },
        "high": {
            "hat_c": 0.7098801004527573,
            "varphi": 1.3617285540578608,
            "beta_f": 0.5833603091088,
            "Z_ArAh": 0.22989894899852223,
            "Z_MrMh": 4.142845332973873,
            "Z_SrSh": 0.21250053897378127,
            "Z_ArSr": 20.967710355129118,
            "Z_MrSr": 7.813470673516164
        },
        "all": {
            "hat_c": 11.251775333303186,
            "varphi": 1.5570825422554582,
            "beta_f": 0.4659393493984644,
            "Z_ArAh": 0.13463807692988317,
            "Z_MrMh": 2.02357687990366,
            "Z_SrSh": 0.1768621254737461,
            "Z_ArSr": 3.8356717160481018,
            "Z_MrSr": 14.669841093899985
        }
    }
}
