{
  "default": {
    "low": {
     "hat_c": 8.213227882494333,
     "varphi": 1.6048873462112572,
     "beta_f": 0.41654482026664275,
     "Z_ArAh": 0.09824103003131138,
     "Z_MrMh": 0.9836536725663203,
     "Z_SrSh": 0.17915242506916795,
     "Z_ArSr": 0.8570380254444732,
     "Z_MrSr": 12.053734353199339
    },
    "middle": {
     "hat_c": 6.057589318044558,
     "varphi": 1.7171323509192238,
     "beta_f": 0.42311139915214646,
     "Z_ArAh": 0.12549197014202523,
     "Z_MrMh": 2.0820958055608982,
     "Z_SrSh": 0.17120799513343588,
     "Z_ArSr": 5.440296600258727,
     "Z_MrSr": 12.950485178122074
    },
    "high": {
     "hat_c": 4.606437408747752,
     "varphi": 1.3706417884624533,
     "beta_f": 0.5739921081477936,
     "Z_ArAh": 0.22989709628503646,
     "Z_MrMh": 4.139393174825391,
     "Z_SrSh": 0.20537904935227103,
     "Z_ArSr": 26.07112551258288,
     "Z_MrSr": 8.322394842561827
    },
    "all": {
     "hat_c": 7.837520465236784,
     "varphi": 1.5076656068186556,
     "beta_f": 0.5277601597240862,
     "Z_ArAh": 0.12257683964897487,
     "Z_MrMh": 1.9774636072148923,
     "Z_SrSh": 0.19544912728787245,
     "Z_ArSr": 16.77551281554377,
     "Z_MrSr": 7.919975699753163
    }
  }
}
