{
  "default": {
    "low": {
      "hat_c": 0.1301070670156476,
      "varphi": 1.3503361644956984,
      "beta_f": 0.3672778101785182,
      "Z_ArAh": 0.11848397238875322,
      "Z_MrMh": 0.9757967523090889,
      "Z_SrSh": 0.17844110467483312,
      "Z_ArSr": 1.1149188198314313,
      "Z_MrSr": 11.461019763275118
    },
    "middle": {
      "hat_c": 0.0685760163872788,
      "varphi": 1.6474049062503102,
      "beta_f": 0.43102994699649644,
      "Z_ArAh": 0.15719020381409188,
      "Z_MrMh": 2.0849844100778423,
      "Z_SrSh": 0.18923189455513323,
      "Z_ArSr": 4.575208936702327,
      "Z_MrSr": 13.681719132088457
    },
    "high": {
      "hat_c": 0.04698726667522224,
      "varphi": 1.346547370835436,
      "beta_f": 0.5677515620933391,
      "Z_ArAh": 0.22989830905051362,
      "Z_MrMh": 4.138759492354467,
      "Z_SrSh": 0.20708224519310647,
      "Z_ArSr": 26.916257393615897,
      "Z_MrSr": 8.148688153072408
    },
    "all": {
      "hat_c": 0.13697024643767763,
      "varphi": 1.4351774941219335,
      "beta_f": 0.5007400021652086,
      "Z_ArAh": 0.08263468968226313,
      "Z_MrMh": 1.9891424711857089,
      "Z_SrSh": 0.19830254822361934,
      "Z_ArSr": 8.15979661196124,
      "Z_MrSr": 7.29585347408446
    }
  }
}
