{
  "default": {
    "low": {
     "hat_c": 8.732162888273574,
     "varphi": 1.7347717190459553,
     "beta_f": 0.40482425966168034,
     "Z_ArAh": 0.10052897257581964,
     "Z_MrMh": 0.9809052303348071,
     "Z_SrSh": 0.15355733740793298,
     "Z_ArSr": 0.8426604803269583,
     "Z_MrSr": 12.295811813210555
    },
    "middle": {
     "hat_c": 6.057589318044558,
     "varphi": 1.7171323509192238,
     "beta_f": 0.42311139915214646,
     "Z_ArAh": 0.12549197014202523,
     "Z_MrMh": 2.0820958055608982,
     "Z_SrSh": 0.17120799513343588,
     "Z_ArSr": 5.440296600258727,
     "Z_MrSr": 12.950485178122074
    },
    "high": {
     "hat_c": 4.606437408747752,
     "varphi": 1.3706417884624533,
     "beta_f": 0.5739921081477936,
     "Z_ArAh": 0.22989709628503646,
     "Z_MrMh": 4.139393174825391,
     "Z_SrSh": 0.20537904935227103,
     "Z_ArSr": 26.07112551258288,
     "Z_MrSr": 8.322394842561827
    },
    "all": {
     "hat_c": 13.702008748356457,
     "varphi": 1.5877177758520356,
     "beta_f": 0.5516904541077992,
     "Z_ArAh": 0.10888640126703986,
     "Z_MrMh": 1.983866425526661,
     "Z_SrSh": 0.19566743034939824,
     "Z_ArSr": 11.416410918694964,
     "Z_MrSr": 7.859417626183685
    }
  }
}
