{
    "low": {
        "Lf_Ah": 0.0815877,
        "Lf_Mh": 0.0062807,
        "Lf_Sh": 0.2938025,
        "Lf_Ar": 0.0215187,
        "Lf_Mr": 0.0126192,
        "Lf_Sr": 0.0363058,
        "Lf_l": 0.5478855,
        "Lm_Ah": 0.0899835,
        "Lm_Mh": 0.0075116,
        "Lm_Sh": 0.1265374,
        "Lm_Ar": 0.0434648,
        "Lm_Mr": 0.0262223,
        "Lm_Sr": 0.0810602,
        "Lm_l": 0.6252202,
        "tw": 0.819,
        "sf": 5.02837,
        "sm": 6.029895,
        "gamma": 0.23,
        "eta": 2.27,
        "eta_l": 2.27,
        "epsilon": 0.002,
        "sigma": 2.0,
        "nu": 0.58,
        "zeta": 0.32,
        "rho": 0.04,
        "T": 50.27036,
        "tbeta": 0.410986268
    },
    "middle": {
        "Lf_Ah": 0.0281231,
        "Lf_Mh": 0.0037166,
        "Lf_Sh": 0.2975294,
        "Lf_Ar": 0.0047409,
        "Lf_Mr": 0.0191781,
        "Lf_Sr": 0.0787491,
        "Lf_l": 0.5679629,
        "Lm_Ah": 0.0446018,
        "Lm_Mh": 0.0058335,
        "Lm_Sh": 0.1007717,
        "Lm_Ar": 0.0289257,
        "Lm_Mr": 0.0493341,
        "Lm_Sr": 0.1208478,
        "Lm_l": 0.6496854,
        "tw": 0.81565,
        "sf": 8.021082,
        "sm": 8.566939,
        "gamma": 0.06,
        "eta": 2.27,
        "eta_l": 2.27,
        "epsilon": 0.002,
        "sigma": 2.0,
        "nu": 0.58,
        "zeta": 0.32,
        "rho": 0.04,
        "T": 60.46704,
        "tbeta": 0.433046395
    },
    "high": {
        "Lf_Ah": 0.0042724,
        "Lf_Mh": 0.0009837,
        "Lf_Sh": 0.2389524,
        "Lf_Ar": 0.0023376,
        "Lf_Mr": 0.0223466,
        "Lf_Sr": 0.1015646,
        "Lf_l": 0.6295427,
        "Lm_Ah": 0.0076562,
        "Lm_Mh": 0.0060439,
        "Lm_Sh": 0.0976458,
        "Lm_Ar": 0.0078905,
        "Lm_Mr": 0.0785629,
        "Lm_Sr": 0.1149185,
        "Lm_l": 0.6872821,
        "tw": 0.8133,
        "sf": 10.35485,
        "sm": 10.83634,
        "gamma": 0.02,
        "eta": 2.27,
        "eta_l": 2.27,
        "epsilon": 0.002,
        "sigma": 2.0,
        "nu": 0.58,
        "zeta": 0.32,
        "rho": 0.04,
        "T": 68.84885,
        "tbeta": 0.521873439
    },
    "all": {
        "Lf_Ah": 0.0379944,
        "Lf_Mh": 0.003660333,
        "Lf_Sh": 0.276761433,
        "Lf_Ar": 0.0095324,
        "Lf_Mr": 0.018047967,
        "Lf_Sr": 0.0722065,
        "Lf_l": 0.581797033,
        "Lm_Ah": 0.047413833,
        "Lm_Mh": 0.006463,
        "Lm_Sh": 0.1083183,
        "Lm_Ar": 0.026760333,
        "Lm_Mr": 0.0513731,
        "Lm_Sr": 0.105608833,
        "Lm_l": 0.654062567,
        "tw": 0.815983333,
        "sf": 7.801434,
        "sm": 8.477724667,
        "gamma": 0.103333333,
        "eta": 2.27,
        "eta_l": 2.27,
        "epsilon": 0.002,
        "sigma": 2.0,
        "nu": 0.58,
        "zeta": 0.32,
        "rho": 0.04,
        "T": 59.86208333,
        "tbeta": 0.459667285
    }
}
